Fecha,Duración (días),Evento,Tipología,Web,Entidades colaboradoras,Responsables
03/07/2015,1,Colaboración con el editatón de Wikidata en San Sebastián,Concurso de edición,https://web.archive.org/web/20150919082048/https://sites.google.com/site/donostiasansebastianenwikidata/,"Wikimedia España, Universität Koblenz-Landau, Universidad del País Vasco, Universidad de Zaragoza, Wikimedia Deutschland",2
15/04/2016,45,Participación en el concurso Europeana Art History Challenge,Concurso de edición,https://www.wikidata.org/wiki/Wikidata:Europeana_Art_History_Challenge,"Europeana, Wikimedia CEE",2
21/05/2016,1,I Pentatlón Wikimedia,Concurso de edición,https://es.wikipedia.org/wiki/Wikipedia:Encuentros/I_Pentatl%C3%B3n_Wikimedia_Espa%C3%B1a,"Wikimedia España, Universidad de Valencia, Ayuntamiento de Valencia",2
20/05/2017,1,II Pentatlón Wikimedia,Concurso de edición,https://es.wikipedia.org/wiki/Wikipedia:Encuentros/II_Pentatl%C3%B3n_Wikimedia_Espa%C3%B1a,"Wikimedia España, Universidad de Valencia",2
29/11/2017,1,Editatón de Wikidata en el marco de la Global Legislative Openness Week,Concurso de edición,https://www.wikidata.org/wiki/Wikidata:Events/GLOW_Edithaton,"Wikimedia España, mySociety ",2
24/02/2018,1,Datatón Cervantes,Concurso de edición,https://www.wikidata.org/wiki/Wikidata:Events/Madrid/2018-02-24,"Wikimedia España, Fundación Biblioteca Virtual Miguel de Cervantes",3
03/03/2018,2,"Participación en el Open Data Day, con la presentación sobre ""Cómo explotar Wikidata, la base de conocimiento libre que cualquiera puede editar""",Eventos formativos y de comunicación,https://www.medialab-matadero.es/actividades/dia-de-los-datos-abiertos,"Wikimedia España, DataLAB Madrid, OEG-UPM, ODI Madrid",1
21/05/2018,7,III Pentatlón Wikimedia,Concurso de edición,https://es.wikipedia.org/wiki/Wikipedia:Encuentros/III_Pentatl%C3%B3n_Wikimedia_Espa%C3%B1a,Wikimedia España,2
18/10/2018,2,Hackatón Wikidata,Concurso de edición,https://www.wikidata.org/wiki/Wikidata:Sixth_Birthday/Hackathon_in_Alicante,"Wikimedia España, Universidad de Alicante",4
25/10/2018,1,Wikidata GLAM Workshop,Eventos formativos y de comunicación,,"Wikimedia España, Archivo General de la Región de Murcia",1
29/10/2018,1,Charla y taller de Wikidata en la Universidad de Oviedo,Eventos formativos y de comunicación,,"Wikimedia España, Universidad de Oviedo",3
01/12/2018,1,Datatón Every Politician,Concurso de edición,,Wikimedia España,2
25/01/2019,1,Taller de Wikidata para SEDIC,Eventos formativos y de comunicación,http://web.archive.org/web/20190517170412/https://talleres.sedic.es/2018/12/13/taller-de-edicion-y-consulta-de-datos-abiertos-en-wikidata/,"Wikimedia España, SEDIC",1
31/01/2019,1,Taller sobre Creación y explotación de contenidos culturales con Wikidata,Eventos formativos y de comunicación,https://cobdcv.es/creacio-i-explotacio-continguts-culturals-amb-wikidata/,"Wikimedia España, COBDCV",1
15/03/2019,1,Taller sobre Wikidata en la facultad de Documentación de la UCM,Eventos formativos y de comunicación,,"Wikimedia España, Universidad Complutense de Madrid",1
29/03/2019,2,Taller Wikidata GLAM,Eventos formativos y de comunicación,https://www.aldee.eus/es/cursos/taller-wikidata-glam-como-saberlo-todo-sobre-wikidata-la-maquina-de-conocimiento-para-wikipedia-/ik-242/,"Wikimedia España, ALDEE",1
26/04/2019,1,Seminario sobre Wikidata en la Facultad de Traducción y Documentación de la Universidad de Salamanca,Eventos formativos y de comunicación,https://diarium.usal.es/dbd/seminario-wikidata/,"Wikimedia España, Universidad de Salamanca",1
07/06/2019,2,Participación en Wikidata Days 2019 con una presentación del proyecto Wikidata-IATEXT,Eventos formativos y de comunicación,http://web.archive.org/web/20190529123108/http://libraries.fe.unl.pt/index.php/wikidata-days-2019-share-collaborate-transform-shaping-data-in-a-changing-world,"Wikimedia Portugal,Teresa e Alexandre Soares dos Santos Library, Wikimedia España",1
09/06/2019,1,Presentación de los resultados del proyecto Wikidata-IATEXT en el Seminario de investigación abierta del IATEXT,Eventos formativos y de comunicación,http://web.archive.org/web/20210123180034/https://iatext.ulpgc.es/es/noticia_seminario_investigacion_abierta,"Wikimedia España, Universidad de Las Palmas de Gran Canaria",1
19/06/2019,1,Taller sobre Datos para la verificabilidad de historias: el combinado Wikipedia-Wikidata (Universidad Politécnica de Valencia),Eventos formativos y de comunicación,,"Wikimedia España, Universidad Politécnica de Valencia",1
25/10/2019,3,Participación en WikidataCon 2019,Eventos formativos y de comunicación,https://www.wikidata.org/wiki/Wikidata:WikidataCon_2019,Wikimedia Deutschland,5
08/04/2020,1,Sesión en línea sobre el mapeado de bibliotecas en Wikidata para el Colegio Oficial de Bibliotecarios y Documentalistas de la Comunidad Valenciana,Eventos formativos y de comunicación,https://www.youtube.com/watch?v=EF4w_B5yZXk,"Wikimedia España, COBDCV",1
23/04/2020,1,Sesión en línea sobre Wikidata,Eventos formativos y de comunicación,https://youtu.be/Kuezo9268X4?feature=shared,Wikimedia España,2
12/05/2020,1,Sesión en línea sobre Wikidata como corpus de datos bibliográficos,Eventos formativos y de comunicación,https://youtu.be/XLs80LjfriI?feature=shared,Wikimedia España,1
28/05/2020,1,Sesión en línea sobre Mi primer elemento en Wikidata,Eventos formativos y de comunicación,https://youtu.be/OdMKUFcx0N8?feature=shared,Wikimedia España,2
14/09/2020,14,"Curso en línea sobre Wikipedia, Wikimedia Commons y Wikidata para la Asociación de Bibliotecarios y Documentalistas de Canarias",Eventos formativos y de comunicación,https://www.youtube.com/watch?v=GHsxn9nWzTs&list=PL8V46S4ojupEkyOviIybtPt8r6OU_2OVn,"Wikimedia España, Asociación de Bibliotecarios y Documentalistas de Canarias",1
21/11/2020,1,"Charla sobre Introducción a Wikidata, la base de datos libre en Akademy-es 2020",Eventos formativos y de comunicación,https://www.kde-espana.org/akademy-es-2020/programa,"Wikimedia España, KDE España",1
24/04/2021,1,"Sesión sobre ""Cómo consultar datos en Wikidata"" durante FLISOL 2021",Eventos formativos y de comunicación,https://flisol.info/FLISOL2021/Espana/Tenerife?highlight=%28%5CbCategoryCity%5Cb%29,"Wikimedia España, Festival Latinoamericano de Instalación de Software Libre",1
03/03/2022,1,Sesión en línea sobre Wikidata y Python,Eventos formativos y de comunicación,https://es.wikipedia.org/wiki/Wikipedia:Encuentros/Sesiones_en_l%C3%ADnea_WMES_2022,Wikimedia España,1
26/10/2022,1,Sesión en línea sobre proyectos Wikidata en Wikimedia España,Eventos formativos y de comunicación,https://youtu.be/-5T0Iq2o_WU?feature=shared,Wikimedia España,1
02/11/2022,1,"Sesión en línea sobre BNElab, aporte y reutilización en Wikidata",Eventos formativos y de comunicación,https://youtu.be/Zt1E9Jgd4r4?feature=shared,Wikimedia España,1
22/06/2023,1,"Webinar ""Wikidata, una base de conocimiento útil para cualquier estudio"", en la Universidad Isabel I",Eventos formativos y de comunicación,https://www.ui1.es/sala-de-prensa/angel-obregon-descubre-en-un-webinar-los-secretos-de-la-base-de-conocimiento-wikidata,"Wikimedia España, Universidad Isabel I",1
28/09/2023,3,"Participación en Wikidata Days con dos sesiones sobre ""Importando a Wikidata la Guía Digital del Patrimonio Cultural de Andalucía, experiencias y lecciones aprendidas"" y ""Cómo modelar áreas naturales protegidas en Wikidata?""",Eventos formativos y de comunicación,https://wikidatadays.wikimedia.pt,"Wikimedia Portugal, Biblioteca Nacional de Portugal, Wikimedia España",1
01/05/2024,31,Concurso Coordinate Me,Concurso de edición,https://www.wikidata.org/wiki/Wikidata:Events/Coordinate_Me_2024,"Wikimedia Österreich, Wikimedia Argentina, Wikimedia Canada, Wikimedia Chile, Wikimedia Deutschland, Wikimedia España, Wikimédia France, Wikimedia Nederland, Wikimédiens du Niger User Group, Wikimedia UG Nigeria, Wikimedia Community User Group Sénégal, Wikimedistas de Uruguay",1
24/05/2024,1,"Uso y elaboración de galerías gráficas, durante esLibre 2024",Eventos formativos y de comunicación,https://propuestas.eslib.re/2024/salas/construccion-conocimiento-libre,"Wikimedia España, GNU/Linux Valencia",2
21/07/2024,1,"Taller ""Upskilling in Wikidata for maximum impact: A practical workshop for botanists"" durante el XX Congreso Internacional de Botánica",Eventos formativos y de comunicación,https://ibcmadrid2024.com/index.php?seccion=scientificArea&subSeccion=detailSubProgramme&id=620&idSub=3,"Wikimedia España, Sociedad Botánica Española, Real Jardín Botánico",5
02/09/2024,7,"Charla ""Wikidata como base de datos do patrimonio cultural"" durante el Congreso Internacional de Socialización del Patrimonio en el Medio Rural",Eventos formativos y de comunicación,,"Wikimedia España, Grupo de Estudios de Arqueología, Antigüedad y Territorio (GEAAT) de la Universidad de Vigo, Bela Auria, Rede Aldear, Diputación de Ourense, La Underground Colectiva",1
5/9/2024,1,"Taller en línea sobre ""Computational access to digital collections in GLAM institutions: a reproducible approach"" para el Laboratorio de Humanidades Digitais de la Universidade NOVA de Lisboa",Eventos formativos y de comunicación,https://dhlab.fcsh.unl.pt/2024/08/19/workshop-computational-access-to-digital-collections-in-glam-institutions-a-reproducible-approach/,"Wikimedia España, Universidade NOVA de Lisboa",1
25/10/2024,1,"Sesión ""Por qué son importantes los enlaces permanentes en bases de datos y bibliotecas digitales: las posibilidades de Wikidata"" para Filología UCM",Eventos formativos y de comunicación,https://filologia.ucm.es/formacion-en-tecnologia,"Wikimedia España, Universidad Complutense de Madrid",1
13/11/2024,1,"Sesión sobre ""Mis artículos científicos en Wikidata y grafos de conocimiento"", en el marco de la Semana de la Ciencia",Eventos formativos y de comunicación,https://eventos.urjc.es/120299/detail/mis-articulos-cientificos-en-wikidata-y-grafos-de-conocimiento.html,"Wikimedia España, Universidad Rey Juan Carlos",2
15/11/2024,1,Participación en Wikidata Days con una sesión sobre “Using Wikidata in the GLAM context: A Collections as data approach”,Eventos formativos y de comunicación,https://wikidatadays.wikimedia.pt/,"Wikimedia Portugal, Biblioteca Nacional de Portugal, Wikimedia España",1
04/03/2025,1,Sesión «Colecciones de Archivo Web como Datos» durante el evento Digital Dreams and Practices,Eventos formativos y de comunicación,https://dhnb.eu/conferences/dhnb2025/workshops/,"Wikimedia España, Estonian Literary Museum, Estonian National Museum, Institute of the Estonian Language, Tallinn University, University of Tartu, Estonian Society for Digital Humanities",7
26/03/2025,2,IV Jornadas de Cultura Libre de la URJC con la sesión “Integración de conjuntos de datos abiertos en Wikidata”,Eventos formativos y de comunicación,https://eventos.urjc.es/126904/detail/iv-jornadas-de-cultura-libre-de-la-urjc.html,"Wikimedia España, Universidad Rey Juan Carlos",1
01/05/2025,31,Concurso Coordinate Me,Concurso de edición,https://www.wikidata.org/wiki/Wikidata:Events/Coordinate_Me_2025,"Wikimedia Österreich, Wikimedia Argentina, Wikimedia Armenia, Wikimedia Canada, Wikimedia Chile, Wikimedia Deutschland, Wikimedia España, Wikimédia France, Wikimedia Ghana User Group, Wikimedia Nederland, Wikimédiens du Niger User Group, Wikimedia Community User Group Sénégal, Wikimedians of Tchad User Group, Wikimedistas de Uruguay, Volunteer Supporters Network, Wikimedia CEE Hub.",1
25/06/2025,3,"Participación en el I Congreso Internacional de Arqueología Digital y Gestión del Patrimonio, con una charla sobre el uso de Wikidata en instituciones GLAM",Eventos formativos y de comunicación,https://filosofia.uca.es/noticia/i-congreso-de-arqueologia-digital-y-gestion-del-patrimonio/,"Wikimedia España, Universidad de Cádiz",1
28/07/2025,1,Wikidata en el contexto GLAM,Eventos formativos y de comunicación,https://wikimedia.es/explorando-wikidata-en-el-contexto-glam-proyectos-aprendizajes-y-colaboracion-abierta/,Wikimedia España,3
31/08/2025,1,"Participación en WikiCite 2025 con una sesión sobre ""Making GLAM resources more accessible and reusable: a FAIR case study on European Literary Bibliography""",Eventos formativos y de comunicación,https://meta.wikimedia.org/wiki/WikiCite_2025,"Wikimedia España, Wikimedia Switzerland",3
08/09/2025,1,Participación en el congreso Digital Heritage 2025 con el taller “Collections as Data across GLAM Labs”,Eventos formativos y de comunicación,https://digitalheritage2025.unisi.it/,"Wikimedia España, Università di Siena",3
15/10/2025,1,"Using Wikidata in GLAM Institutions: a Labs Approach, en el Monthly Wikimedia Research Showcase",Eventos formativos y de comunicación,https://www.mediawiki.org/wiki/Wikimedia_Research/Showcase,"Wikimedia España, Wikimedia Foundation",1
22/10/2025,1,"Participación en el VII Congreso de la Sociedad Internacional de Humanidades Digitales Hispánicas, con una sesión sobre el ""Uso de los proyectos Wikimedia en instituciones y proyectos de patrimonio cultural""",Eventos formativos y de comunicación,https://hdh2025.uv.es/,"Wikimedia España, Universidad de Valencia, Humanidades Digitales Hispánicas",2
21/11/2025,1,"Participación en las VIII Jornadas BIMUS con la sesión ""Uso de Wikidata para el enriquecimiento de datos en museos""",Eventos formativos y de comunicación,https://www.cultura.gob.es/cultura/areas/museos/mc/bimus/viii-jornadas.html,"Wikimedia España, Red de Bibliotecas de Museos",1
25/02/2026,1,Wikidata en el contexto GLAM II,Eventos formativos y de comunicación,https://meta.wikimedia.org/wiki/Wikidata_en_el_contexto_GLAM_II,Wikimedia España,3
13/03/2026,1,Editatón Visibiliza-T,Concurso de edición,https://es.wikipedia.org/wiki/Wikipedia:Encuentros/Taller_de_Edici%C3%B3n_Visibiliza-T,"Wikimedia España, Universidad de Cádiz",1
29/04/2026,1,Formación sobre Wikidata para Fundación Sancho el Sabio,Eventos formativos y de comunicación,,"Wikimedia España, Fundación Sancho el Sabio",1
01/05/2026,1,Concurso Coordinate Me,Concurso de edición,https://www.wikidata.org/wiki/Wikidata:Events/Coordinate_Me_2026,"Wikimedia Österreich, Wikimedians of Albanian Language User Group, Wikimedia Argentina, Wikimedia Australia, Azerbaijani Wikimedians User Group, Wikimedia Brasil, Wikimedia Canada, Wikimedia Chile, Wikimedia Deutschland, Wikimedia España, Wikimédia France, Wikimedia Community User Group Greece, Iranian Wikimedians User Group, Wikimedians of Latvia User Group, Wikimedia Ghana User Group, Wikimedia MKD, Wikimedia Nederland, Wikimédiens du Niger User Group, Wikimedia User Group Nigeria, Wikimedia Polska, North-West Russia Wiki-Historians User Group, Wikimedia Community User Group Sénégal, Wikimedia Serbia, Wikimedia Taiwan, Tajik Wikimedians User Group, Wikimedians of Tchad User Group, Wikimedia Serbia, Wikimedians of the Uzbek Language User Group, CA Youth Community, Wikimedia CEE Hub",1
14/05/2026,1,Conferencia Wikidata y los datos abiertos: de los catálogos a las visualizaciones interactivas,Eventos formativos y de comunicación,https://www.sanchoelsabio.eus/es/actividades/conferencia-wikidata-y-los-datos-abiertos-de-los-catalogos-a-las-visualizaciones-interactivas-presencial-online/ac-35/,"Wikimedia España, Fundación Sancho el Sabio",2
17/07/2026,1,Wikisprint de datos para una historia interactiva de la sociología española,Eventos formativos y de comunicación,https://congreso2026.fes-sociologia.com/wikisprint-de-datos-para-una-historia-interactiva-de-la-sociologia-espanola/,"Wikimedia España, Federación Española de Sociología",2